text,label
Tesla stock surges again,2
Inflation fears rattle markets,0
Apple reports record profits,2
Interest rates stay steady,1
Amazon shares drop sharply,0
The Dow hits new high,2
Cryptocurrency gains mainstream acceptance,2
Oil prices soar amid global tensions,0
Facebook revenue exceeds expectations,2
Trade tensions threaten markets,0
Google stock shows resilience,2
Federal Reserve announces rate hike,1
Home sales climb steadily,2
Uncertainty looms over tech sector,0
Microsoft acquires new startup,2
Wall Street anticipates market correction,0
Visa posts strong earnings report,2
US dollar gains ground,2
Chip shortage disrupts auto industry,0
Johnson & Johnson faces legal challenges,0
Stock market rebounds from dip,2
Interest rates remain low,2
Tech industry faces regulation,0
Amazon announces new products,2
Inflation concerns weigh heavily,0
Bitcoin hits all-time high,2
Energy sector struggles to recover,0
Facebook introduces new features,2
Central bank maintains policies,1
Tesla faces production challenges,0
Alphabet reports strong earnings,2
Federal Reserve signals possible rate increase,1
Housing market sees continued growth,2
Trade deals boost markets,2
Chip shortages impact tech companies,0
Apple launches new product line,2
Consumer confidence hits record high,2
Financial sector struggles amidst pandemic,0
Microsoft acquires new company,2
US government announces economic stimulus,2
Bitcoin hits new all-time high,2
Markets rally on vaccine news,2
Oil prices stabilize after drop,1
Amazon faces antitrust scrutiny,0
Tesla stock experiences volatility,1
Coca-Cola announces dividend increase,2
Interest rates remain low,1
Microsoft reports record profits,2
Housing market shows signs of slowing,0
Zoom stock drops after earnings,0
Alphabet revenue beats expectations,2
Fed signals possible rate hike,1
Apple releases new product line,2
Facebook faces privacy concerns,0
Dow Jones Industrial Average falls,0
Starbucks announces expansion plans,2
Job growth slows in latest report,0
Pfizer vaccine shows promising results,2
Airlines experience revenue decline,0
Disney stock rises on streaming success,2
GameStop shares skyrocket amid Reddit frenzy,2
Interest rates unchanged after Fed meeting,1
Tesla reports record quarterly earnings,2
Inflation concerns weigh on market,0
Amazon announces plans to hire thousands,2
Oil prices climb amid global demand,2
Facebook introduces new ad features,2
Stock market closes at all-time high,2
Google faces antitrust lawsuit,0
Apple unveils new iPhone lineup,2
Economic recovery slows down in Q3,0
Microsoft acquires major gaming company,2
Interest rates set to rise soon,0
Disney+ hits milestone subscriber count,2
Chip shortage continues to impact auto industry,0
Twitter stock plummets after earnings report,0
Coca-Cola announces sustainable packaging initiatives,2
US-China trade tensions escalate,0
Zoom stock rebounds after dip,2
Alphabet revenue grows despite pandemic,2
Jobless claims hit pandemic-era low,2
Facebook faces criticism over content moderation,0
Tesla autopilot system under investigation,0
Home prices continue to rise,2
Amazon stock drops after CEO transition announcement,0
Microsoft surpasses trillion market cap,2
Delta variant concerns weigh on travel industry,0
General Motors announces electric vehicle plans,2
Job openings reach record high,2
Netflix reports strong subscriber growth,2
Bitcoin price drops sharply,0
Federal Reserve announces rate hike,0
Amazon dominates holiday sales season,2
Tech stocks experience volatility,1
Oil prices continue to climb,2
Tesla Model S recalled,0
Alphabet YouTube revenue grows,2
Interest rates remain steady,1
Pfizer vaccine receives FDA approval,2
China regulatory crackdown affects tech stocks,0
Disney announces record earnings,2
Apple faces antitrust scrutiny,0
GameStop announces new CEO,2
Inflation concerns persist,0
Microsoft acquires AI firm,2
Home prices continue to rise,2
Facebook revenue exceeds expectations,2
Delta variant weighs on travel industry,0
Netflix stock falls after earnings report,0
GM and Ford announce electric vehicle plans,2
Amazon Prime Day breaks records,2
Zoom announces new features,2
Chip shortage impacts tech industry,0
Interest rates set to rise,0
Ford stock rises after electric vehicle announcement,2
Twitter introduces new subscription service,2
Housing market shows signs of cooling,0
Alibaba faces antitrust crackdown,0
Tesla stock surges after earnings report,2
Jobless claims rise unexpectedly,0
Facebook faces backlash over data privacy,0
Walmart beats earnings estimates,2
Zoom stock falls after earnings report,0
Microsoft reports strong cloud revenue,2
Interest rates hit record lows,2
Amazon announces billion climate pledge,2
Tesla announces plans for new factory,2
Homebuilding industry shows signs of recovery,2
Alphabet revenue grows despite pandemic,2
Coinbase goes public in highly anticipated IPO,2
Stock market experiences record gains,2
Inflation fears spark market sell-off,0
Amazon expands into healthcare industry,2
Tesla announces new battery technology,2
Interest rates remain unchanged,1
Google revenue exceeds expectations,2
Apple introduces new iPhone models,2
Oil prices dip after OPEC meeting,0
Bitcoin reaches new all-time high,2
Fed chair Jerome Powell signals support for economic growth,2
Chipotle beats earnings estimates,2
Tesla stock falls after recall announcement,0
Microsoft introduces new Surface products,2
Walmart expands into healthcare industry,2
Google faces antitrust scrutiny,0
Amazon announces plans for new headquarters,2
Interest rates rise for first time in years,0
Home sales surge amid pandemic,2
Apple faces supply chain challenges,0
GameStop stock experiences wild ride,1
Market dips as inflation rises,0
Tesla earnings exceed expectations,2
Interest rates remain low,1
Amazon revenue growth slows,0
Bitcoin reaches all-time high,2
Apple introduces new iPhone,1
Microsoft stock price increases,2
Jobless claims hit record high,0
Google revenue surpasses forecast,2
Housing prices continue to rise,2
Delta variant impacts travel industry,0
Oil prices surge on supply constraints,1
Bank of America reports strong profits,2
TikTok popularity boosts parent company,2
Inflation worries investors,0
Pfizer COVID vaccine receives FDA approval,2
Social media companies face increased scrutiny,0
Gold prices decline amid market volatility,0
Disney streaming service gains subscribers,2
Trade tensions between US and China persist,0
Zoom revenue growth slows,0
Amazon acquires MGM Studios,1
Interest rates may rise soon,0
Facebook ad revenue grows,2
Cryptocurrency regulation remains uncertain,1
General Electric stock plummets,0
Google faces antitrust lawsuit,0
Retail sales increase in Q4,2
Apple iPhone sales exceed expectations,2
Amazon faces employee unionization efforts,0
US economy shows signs of recovery,2
Nike profits exceed estimates,2
Tesla faces production challenges,0
Inflation concerns weigh on stocks,0
Google Cloud revenue surpasses expectations,2
China tech crackdown affects stocks,0
Bank of America announces dividend increase,2
Twitter user growth slows,0
Rising gas prices concern consumers,0
Microsoft acquires Nuance Communications,1
Inflation fears hit stocks,0
Apple quarterly earnings impress,2
Fed announces interest rate hike,0
Amazon faces antitrust scrutiny,0
Bitcoin prices plunge suddenly,0
Tesla introduces new model,1
Microsoft reports record profits,2
Job market shows slow recovery,1
Google revenue growth slows,1
Housing market cools off,0
Delta variant impacts stock market,0
Oil prices reach new high,2
JPMorgan reports strong profits,2
TikTok advertising revenue grows,2
Inflation concerns weigh on economy,0
Moderna announces COVID booster shot,1
Social media companies face privacy issues,0
Gold prices rise amid market volatility,2
Disney theme parks see attendance increase,2
US-China trade tensions ease,1
Zoom sees exponential growth,2
Amazon expands into healthcare,1
Interest rates remain unchanged,1
Facebook launches new features,1
Cryptocurrency gains mainstream acceptance,2
General Electric faces restructuring,0
Google Cloud wins major contract,2
Retailers struggle amid supply chain disruptions,0
Apple introduces new product line,2
Amazon surpasses revenue expectations,2
US economy grows at steady pace,2
Nike releases popular new collection,2
Tesla breaks production records,2
Inflation concerns drive up gold prices,1
Google expands into new markets,2
China tech industry sees rapid growth,2
Bank of America invests in green initiatives,2
Twitter revenue exceeds expectations,2
Gas prices reach new low,2
Microsoft partners with major tech firm,1
Market crashes amid pandemic,0
Apple sales hit record high,2
Fed lowers interest rates,2
Amazon dominates holiday shopping,2
Bitcoin drops after record high,0
Tesla announces record profits,2
Microsoft acquires major startup,1
Jobless claims decrease slightly,1
Google revenue meets expectations,1
Housing market shows steady growth,2
Travel industry sees slow recovery,1
Oil prices fluctuate amid uncertainty,1
Goldman Sachs reports strong earnings,2
Snapchat user growth slows,0
Inflation worries investors again,0
Pfizer announces promising COVID treatment,2
Social media faces content moderation challenges,1
Gold prices reach new high,2
Disney+ surpasses subscriber goals,2
US and China sign trade deal,2
Zoom popularity shows no signs of slowing,2
Amazon invests in renewable energy,2
Fed hints at future rate increase,1
Facebook faces privacy scandals,0
Cryptocurrency market stabilizes after volatility,1
General Electric faces declining profits,0
Google faces antitrust lawsuit,0
Retail industry adapts to online shopping,1
Apple introduces groundbreaking new product,2
Amazon expands into new markets,2
US economy shows signs of recovery,2
Nike brand loyalty remains strong,2
Tesla stock price drops suddenly,0
Inflation causes concern for investors,0
Google cloud computing business sees growth,2
China tech giants face regulatory crackdown,0
Bank of America increases lending to small businesses,2
Twitter introduces new advertising features,1
Gas prices rise due to supply chain disruptions,0
Microsoft announces new partnerships,1
Market rebounds after previous losses,2
Apple releases highly anticipated product,2
Fed maintains interest rates,1
Amazon faces criticism for worker conditions,0
Bitcoin sees renewed interest,2
Tesla stock price drops slightly,0
Microsoft beats earnings estimates,2
Job market remains stable,1
Google ad revenue increases,2
Housing market experiences slight dip,1
Travel industry sees steady growth,2
Oil prices reach new low,2
JPMorgan Chase reports solid earnings,2
Snapchat redesign receives mixed reviews,1
Inflation remains at steady rate,1
Moderna COVID vaccine shows efficacy,2
Social media companies face misinformation challenges,1
Gold prices remain stable,1
Disney+ announces new content,2
US and Europe agree on trade deal,2
Zoom introduces new features,2
Amazon faces antitrust scrutiny,0
Interest rates increase slightly,0
Facebook sees decline in usage,0
Cryptocurrency gains mainstream acceptance,2
General Electric faces restructuring,0
Google search engine dominance questioned,0
Retailers adapt to changing consumer behavior,1
Apple announces record quarterly earnings,2
Amazon acquires major competitor,2
US economy shows signs of growth,2
Nike faces boycotts over labor issues,0
Tesla announces new product line,2
Inflation leads to higher prices,0
Google expands into healthcare industry,2
China economy shows steady growth,2
Bank of America invests in community development,2
Twitter sees increase in user engagement,2
Gas prices remain stable,1
Microsoft sees strong demand for cloud services,2
Economic recovery boosts stock market,2
Tesla production delays disappoint investors,0
Fed signals potential rate hike,0
Amazon online sales surge,2
Google faces antitrust investigations,0
Apple iPhone sales exceed expectations,2
Inflation concerns weigh on market,0
Microsoft acquires leading AI company,2
Facebook reports record profits,2
Cryptocurrency market experiences volatility,0
Oil prices continue to rise,1
Job growth remains sluggish,0
Twitter introduces new features,2
Housing market faces slowdown,1
Alibaba faces regulatory crackdown,0
Disney streaming service surpasses subscriber targets,2
Interest rates remain stable,1
Nike new product launch receives mixed reviews,1
Zoom revenue surges due to remote work,2
Amazon expands grocery delivery services,2
Apple invests heavily in electric vehicles,2
Social media platforms face content moderation challenges,1
Bank stocks decline amid economic uncertainty,0
Google revenue growth slows,1
Tesla faces scrutiny over autopilot safety,0
Moderna announces progress in COVID-19 vaccine research,2
Retail sales rebound after pandemic,2
Facebook ad revenue hits new highs,2
Oil prices plummet due to oversupply,0
Amazon faces supply chain disruptions,0
Zoom security concerns prompt updates,0
Housing market experiences surge in demand,2
Google introduces new privacy features,2
Apple faces backlash over app store policies,0
Inflation remains below target levels,1
Bank of America reports strong earnings,2
Tesla faces production challenges due to chip shortage,0
Snapchat user growth slows,1
Microsoft announces major investment in renewable energy,2
Google search algorithm updates prompt controversy,1
Apple new product launch excites consumers,2
Interest rates remain unchanged,1
Amazon faces worker unionization efforts,0
Zoom video conferencing popularity wanes,0
Tesla revenue exceeds expectations,2
Facebook faces criticism over privacy concerns,0
Google ad revenue grows,2
Inflation concerns subside,1
Bank stocks rebound after dip,2
Amazon acquires new technology company,2
Cryptocurrency market experiences surge,2
Microsoft profits exceed estimates,2
Jobless claims fall to record low,2
Housing market faces rising interest rates,0
Netflix subscriber growth slows,1
Oil prices rise due to supply cuts,2
Twitter user engagement declines,0
Facebook revenue growth slows,1
Google faces regulatory fines,0
Apple earnings report impresses investors,2
Bank of America announces dividend increase,2
Amazon faces antitrust investigation,0
Zoom introduces new features for remote work,2
Tesla stock price plummets,0
Disney theme parks reopen to crowds,2
Google acquires leading e-commerce platform,2
Inflation reaches record high,0
Microsoft introduces new software tools,2
Snapchat advertising revenue grows,2
Housing market faces shortage of homes for sale,0
Apple iPhone sales decline,0
Twitter revenue misses estimates,0
Amazon expands into new markets,2
Zoom security measures improve,1
Google faces backlash over diversity policies,0
Bank stocks face volatile market conditions,0
Tesla delivery numbers disappoint investors,0
Facebook introduces new messaging features,2
Oil prices fall due to oversupply,0
Microsoft cloud services revenue grows,2
Interest rates increase affecting stocks,0
Facebook launches new cryptocurrency Libra,2
Amazon Prime Day sales break records,2
Tesla faces production delays,0
Inflation remains steady easing concerns,1
Google faces antitrust lawsuits,0
Microsoft acquires new startup,2
Apple new iPhone receives mixed reviews,1
Bank stocks outperform market expectations,2
Netflix announces new content partnerships,2
Housing market experiences price drops,0
Twitter bans controversial accounts,1
Amazon invests in renewable energy,2
Zoom stock price skyrockets,2
Google introduces new advertising options,2
Tesla releases impressive autopilot technology,2
Facebook faces user privacy concerns,0
Snapchat daily active users increase,2
Bank of America releases positive earnings report,2
Amazon faces worker protests,0
Microsoft introduces new gaming console,2
Apple revenue growth slows,1
Google cloud services revenue exceeds estimates,2
Netflix subscriber base shrinks,0
Housing market experiences record high prices,1
Twitter introduces new features for users,2
Amazon delivery times improve,2
Zoom faces security breaches,0
Facebook introduces new virtual reality platform,2
Tesla solar panels become more affordable,2
Bank stocks suffer losses in volatile market,0
Google releases new search algorithm,2
Microsoft revenue beats expectations,2
Amazon expands into healthcare industry,2
Snapchat introduces new augmented reality filters,2
Oil prices surge due to supply cuts,2
Apple faces patent infringement lawsuits,0
Google YouTube faces ad boycotts,0
Facebook introduces new data privacy measures,2
Housing market faces inventory shortages,0
Oil prices plummet amid oversupply,0
Tesla announces impressive Q3 earnings,2
Apple unveils new product lineup,2
Google faces criticism over censorship,0
Amazon stock price hits record high,2
Twitter user base stagnates,1
Microsoft cloud services revenue soars,2
Housing market sees steady growth,1
Facebook ad revenue exceeds expectations,2
Netflix introduces new interactive content,2
Bank of America faces regulatory fines,0
Google self-driving car faces accidents,0
Snapchat redesign receives backlash,0
Amazon acquires new startup,2
Zoom announces new security measures,2
Apple iPhone sales decline,0
Tesla Model Y production ramps up,2
Twitter introduces new ad options,1
Google stock price hits all-time high,2
Microsoft releases new Surface devices,2
Facebook faces antitrust investigations,0
Amazon Prime membership hits new high,2
Netflix content spending increases,1
Bank stocks experience volatility,0
Snapchat Snap Map feature gains popularity,2
Google introduces new AI technology,2
Tesla faces quality control issues,0
Zoom revenue exceeds expectations,2
Apple introduces new MacBook models,2
Facebook revenue growth slows,1
Amazon expands into grocery market,2
Microsoft CEO steps down,0
Twitter ad revenue falls short,0
Google faces backlash over data privacy,0
Netflix international subscriber base grows,2
Housing market experiences decline in sales,0
Bank of America mobile banking usage rises,2
Amazon introduces new delivery options,2
Zoom faces competition from rival platforms,1
Facebook announces new content moderation policies,2
Inflation worries continue to mount,0
Apple releases new iPhone lineup,2
Tesla stock prices surge higher,2
Facebook faces scrutiny over data breaches,0
Amazon expands into healthcare market,2
Microsoft reports solid earnings growth,2
Google search algorithm faces controversy,0
Housing prices see modest gains,1
Netflix introduces new binge-worthy shows,2
Bank of America sees drop in profits,0
Amazon workers unionize for better pay,1
Twitter new feature gains popularity,2
Apple AirPods dominate wireless earbud market,2
Tesla surpasses sales expectations,2
Facebook user growth slows down,1
Amazon faces antitrust investigations,0
Microsoft stock price hits record high,2
Google cloud services gain market share,2
Netflix introduces new pricing plans,1
Bank stocks see moderate gains,1
Snapchat launches new augmented reality features,2
Amazon introduces one-day shipping,2
Zoom sees explosive user growth,2
Facebook ad revenue drops,0
Apple faces criticism over app store policies,0
Tesla announces new battery technology,2
Twitter revenue exceeds expectations,2
Google self-driving cars hit the road,2
Amazon acquires new AI startup,2
Microsoft introduces new productivity tools,2
Netflix faces competition from rival platforms,0
Bank of America loan portfolio grows,2
Google faces criticism over antitrust practices,0
Facebook introduces new e-commerce features,2
Amazon Prime Day breaks sales records,2
Apple introduces new iPad models,2
Tesla autopilot feature faces controversy,0
Twitter user growth remains stagnant,1
Microsoft Surface sales see strong growth,2
Netflix releases highly anticipated movie,2
Unemployment rates rise again,0
Microsoft acquires new startup company,2
Amazon stock prices drop,0
Facebook introduces new privacy measures,2
Tesla faces supply chain challenges,0
Netflix suspends production due to pandemic,0
Bank of America introduces new credit card,2
Apple faces lawsuit over patent infringement,0
Google faces backlash over data privacy,0
Amazon announces new hiring spree,2
Microsoft cloud services experience downtime,0
Twitter bans controversial figure,1
Facebook ad revenue continues to grow,2
Tesla reports record quarterly profits,2
Netflix introduces new parental controls,2
Bank stocks experience volatility,1
Amazon faces criticism over worker conditions,0
Apple introduces new MacBook models,2
Google ad revenue falls short of expectations,0
Microsoft faces antitrust investigations,0
Twitter introduces new feature to curb misinformation,2
Facebook user engagement reaches all-time high,2
Tesla introduces new solar panels,2
Amazon acquires new streaming service,2
Netflix user base surpasses projections,2
Bank of America faces lawsuits over mortgage practices,0
Google introduces new search algorithm,2
Microsoft announces new dividend payout,2
Facebook stock price reaches new highs,2
Amazon expands into new international markets,2
Twitter revenue exceeds expectations,2
Apple introduces new iPhone features,2
Tesla faces production delays for new model,0
Netflix introduces new interactive programming,2
Bank of America faces fines over fraudulent practices,0
Google introduces new voice assistant technology,2
Amazon announces new sustainability initiatives,2
Microsoft introduces new gaming console,2
Facebook introduces new virtual reality platform,2
Apple market share sees moderate gains,1
Inflation rates spike unexpectedly,0
Disney announces new streaming service,2
Oil prices hit record highs,0
Pfizer COVID vaccine approved,2
Exxon Mobil faces environmental lawsuits,0
Zoom user base continues to grow,2
Goldman Sachs reports strong earnings,2
Delta Air Lines faces labor disputes,0
Johnson & Johnson stock rises,2
United Airlines announces new routes,2
GameStop stock price plummets,0
Verizon introduces new 5G technology,2
JPMorgan Chase invests in renewable energy,2
Uber faces legal challenges,0
General Electric announces new CEO,2
Amazon buys MGM studios,2
American Express introduces new card,2
Tesla stock prices reach new highs,2
Boeing faces safety concerns,0
Coca-Cola introduces new product line,2
Pfizer experiences vaccine supply chain issues,0
Walmart expands into healthcare,2
Intel faces supply chain disruptions,0
Apple announces new product launch,2
Facebook faces content moderation issues,0
NVIDIA stock prices soar,2
Procter & Gamble reports strong earnings,2
Southwest Airlines faces flight cancellations,0
Mastercard announces new digital wallet,2
Johnson & Johnson faces legal battles,0
IBM introduces new quantum computing system,2
Tesla Model Y receives top safety rating,2
Coca-Cola sustainability efforts recognized,2
Amazon announces new warehouse locations,2
General Motors faces chip shortages,0
McDonald introduces new menu items,2
Google AI technology improves search results,2
Ford announces new electric vehicle,2
Oracle reports strong cloud revenue,2
Visa partners with cryptocurrency platform,2
Tesla growth prospects are bright,2
Interest rates are rising gradually,1
Oil prices have surged recently,0
Amazon is expanding its reach,2
The market is fluctuating wildly,1
Apple earnings have exceeded expectations,2
The unemployment rate is decreasing,2
Bitcoin value is skyrocketing,2
Inflation is a growing concern,0
Ford sales have been sluggish,0
The stock market is unpredictable,1
Microsoft is a solid investment,2
The housing market is booming,2
Coca-Cola revenue has declined,0
The economy is recovering slowly,1
Walmart profits are rising,2
The Fed is considering tapering,1
Delta Airlines stock is falling,0
Google is a dominant force,2
Trade tensions are escalating,0
ExxonMobil is facing headwinds,0
The bond market is stable,1
Market drops after earnings report,0
Interest rates hit all-time low,2
Company announces stock buyback,2
Investors remain cautiously optimistic,1
Tech stocks continue upward trend,2
Inflation worries weigh on markets,0
Earnings beat expectations stock rises,2
Pandemic causes economic downturn,0
Company announces dividend increase,2
Stock market volatility increases,0
Oil prices surge after OPEC meeting,2
Investors flock to safe-haven assets,1
Company reports record profits,2
Fed announces interest rate hike,0
Tech giant announces new product,2
Trade tensions negatively impact stocks,0
Analysts predict bear market ahead,0
Stock prices stabilize after turbulence,1
Company faces government antitrust lawsuit,0
New tax law benefits investors,2
Global economic growth slows,0
Retail sales surge during holiday season,2
Stock market experiences record highs,2
Company announces major layoffs,0
Bond yields hit new lows,2
Economic recovery continues despite setbacks,1
Investors show confidence in company,2
Company reports disappointing earnings,0
Interest rate cuts stimulate economy,2
Stock prices fluctuate unpredictably,1
Company announces new CEO,1
Credit ratings agency downgrades company,0
Online sales continue to grow,2
Tariff threats cause market uncertainty,0
Company expands into new markets,2
Consumer spending slows down,0
Stock market recovers after dip,1
Company faces regulatory fines,0
Investor confidence remains high,2
Economic indicators point to growth,2
Company reports lower-than-expected earnings,0
Market reacts negatively to trade tensions,0
Stock prices remain stagnant,1
Interest rates remain steady,1
Tech company announces major acquisition,2
Economic outlook remains uncertain,1
Company announces successful IPO,2
Stock market experiences slight gains,1
Inflation fears subside market rebounds,2
Company faces legal troubles,0
Company announces expansion plans,2
Interest rates rise unexpectedly,0
Market experiences extreme volatility,0
Company receives major funding boost,2
Investor sentiment turns negative,0
Oil prices plummet affecting markets,0
Company announces major product release,2
Market experiences major correction,0
Consumer confidence hits all-time high,2
Company announces strategic partnership,2
Stock prices experience minor dip,1
Market anticipates upcoming earnings reports,1
Company announces record-breaking profits,2
Economic growth remains sluggish,0
Interest rates lowered to stimulate economy,2
Tech company faces major data breach,0
Stock market experiences major rally,2
Company faces executive scandal,0
Analysts predict bearish market trend,0
Company announces layoffs and restructuring,0
Interest rates reach historic lows,2
Company announces dividend cut,0
Market experiences minor gains,1
Economic indicators show improvement,2
Company announces successful merger,2
Market reacts positively to government stimulus,2
Company faces intense competition,1
Stock prices experience major surge,2
Market anticipates new product launch,1
Interest rates remain favorable for investors,2
Market suffers steep losses,0 
Company reports flat earnings growth,1 
Tech stocks lead market rally,2 
Interest rates on the rise,0 
Economic growth remains steady,1 
Company announces major acquisition,2 
Market experiences minor correction,1 
Inflation concerns drive market down,0 
Company faces product recall,0 
Stock prices experience major gains,2 
Economic outlook remains positive,2 
Interest rates remain unchanged,1 
Company faces intense competition,1 
Market anticipates upcoming earnings reports,1 
Company announces successful IPO,2 
Market remains cautious amid uncertainty,1 
Company faces major regulatory hurdles,0 
Stock prices experience major dip,0 
Economic growth exceeds expectations,2 
Company announces record-breaking profits,2 
Interest rates lowered to stimulate growth,2 
Market reacts positively to government stimulus,2 
Company faces shareholder backlash,0 
Tech company experiences major data breach,0 
Market anticipates major merger announcement,1 
Company announces dividend increase,2 
Economic indicators point to recession,0 
Company faces major management shake-up,0 
Market experiences major volatility,0 
Company announces layoffs and restructuring,0 
Interest rates reach all-time lows,2 
Market remains neutral ahead of earnings reports,1 
Company announces major product release,2 
Market experiences minor gains,1 
Economic growth slows amid global trade tensions,0 
Company faces major supply chain disruptions,0 
Stock prices remain steady amid uncertainty,1 
Market anticipates upcoming IPO,1 
Interest rates remain favorable for investors,2 
Company announces successful turnaround plan,2 
Company announces bankruptcy filing,0 
Interest rates increase unexpectedly,0 
Stock prices experience minor dip,1 
Market remains stable amid uncertainty,1 
Tech company faces major legal battle,0 
Economic growth slows down,0 
Company announces major expansion plans,2 
Market experiences major correction,0 
Inflation fears drive market down,0 
Company faces intense regulatory scrutiny,0 
Economic outlook remains uncertain,1 
Interest rates remain steady,1 
Company announces successful merger,2 
Stock market experiences major gains,2 
Market anticipates upcoming earnings reports,1 
Company announces major layoffs,0 
Oil prices rise affecting markets,1 
Company faces major data breach,0 
Market experiences major rally,2 
Consumer confidence hits all-time low,0 
Company announces dividend cut,0 
Stock prices remain stagnant,1 
Economic indicators show positive signs,2 
Interest rates lowered to stimulate economy,2 
Tech company announces major product release,2 
Market remains neutral ahead of major event,1 
Company faces major management shake-up,0 
Market reacts positively to government policy,2 
Company announces record-breaking revenue,2 
Economic growth exceeds expectations,2 
Interest rates reach historic lows,2 
Company faces intense competition,1 
Market experiences minor gains,1 
Company announces successful turnaround plan,2 
Stock prices experience major surge,2 
Economic growth slows amid rising interest rates,0 
Company faces major supply chain disruptions,0 
Market anticipates major merger announcement,1 
Interest rates remain favorable for investors,2 
Company announces successful IPO,2 
Economic growth slows down,0 
Company faces intense regulatory scrutiny,0 
Market experiences major rally,2 
Interest rates remain steady,1 
Stock prices remain stagnant,1 
Company announces major expansion plans,2 
Inflation fears drive market down,0 
Tech company faces major legal battle,0 
Market remains neutral ahead of major event,1 
Company faces major data breach,0 
Economic outlook remains uncertain,1 
Interest rates lowered to stimulate economy,2 
Stock prices experience major gains,2 
Market anticipates upcoming earnings reports,1 
Company announces successful merger,2 
Market experiences major correction,0 
Company announces major layoffs,0 
Oil prices rise affecting markets,1 
Economic indicators show positive signs,2 
Consumer confidence hits all-time low,0 
Company announces dividend cut,0 
Tech company announces major product release,2 
Market reacts positively to government policy,2 
Company faces major management shake-up,0 
Interest rates reach historic lows,2 
Market experiences minor gains,1 
Company announces record-breaking revenue,2 
Economic growth exceeds expectations,2 
Interest rates increase unexpectedly,0 
Company faces intense competition,1 
Stock prices experience major surge,2 
Market remains stable amid uncertainty,1 
Company announces successful turnaround plan,2 
Market anticipates major merger announcement,1 
Economic growth slows amid rising interest rates,0 
Company faces major supply chain disruptions,0 
Company announces successful IPO,2 
Market experiences minor dip,1 
Interest rates remain favorable for investors,2 
Tech company faces major backlash,0 
Company faces major lawsuit,0 
Market experiences volatile swings,0 
Interest rates rise affecting mortgages,0 
Stock prices experience minor losses,0 
Market remains steady amid uncertainty,1 
Company announces major acquisition,2 
Economic growth exceeds expectations,2 
Company faces major PR crisis,0 
Market anticipates upcoming policy changes,1 
Interest rates remain historically low,2 
Company announces major product launch,2 
Market experiences major selloff,0 
Economic indicators show mixed results,1 
Company faces major restructuring,0 
Market reacts negatively to global events,0 
Interest rates expected to rise,0 
Tech company announces major innovation,2 
Company announces major dividend increase,2 
Market experiences minor gains,1 
Economic outlook remains uncertain,1 
Company faces major financial fraud,0 
Stock prices experience major drop,0 
Market anticipates upcoming earnings reports,1 
Company faces major labor dispute,0 
Interest rates remain stable,1 
Company announces successful cost-cutting measures,2 
Market experiences major rally,2 
Economic growth slows amid trade tensions,0 
Company faces major product recall,0 
Stock prices experience minor gains,1 
Market remains stable ahead of key events,1 
Company announces successful partnership,2 
Interest rates rise affecting bond yields,0 
Economic indicators show positive signs,2 
Company faces major cybersecurity breach,0 
Market experiences minor dip,1 
Company announces successful IPO,2 
Market reacts positively to stimulus measures,2 
Interest rates remain favorable for borrowers,2 
Tech company faces major antitrust investigation,0 
Bitcoin surges above $50k,2 
Oil prices climb amid tensions,2 
Tech stocks decline after earnings,0 
Market uncertainty causes volatility,0 
Interest rates remain stable,1 
Real estate market booming,2 
Inflation concerns rise globally,0 
Economic growth forecast revised,1 
Retail sector sees strong sales,2 
Gold prices fall sharply,0 
Stock market reaches new high,2 
Federal Reserve announces rate hike,0 
Corporate profits exceed expectations,2 
Consumer confidence declines rapidly,0 
Cryptocurrency adoption grows rapidly,2 
Housing market experiences slow down,0 
Trade tensions weigh on markets,0 
Earnings reports disappoint investors,0 
Bond yields hit historic lows,1 
Auto industry faces challenges ahead,0 
Energy sector rebounds strongly,2 
Unemployment rate drops slightly,1 
Banks report strong earnings,2 
Consumer spending remains flat,1 
Social media stocks soar,2 
Health care industry sees gains,2 
Tech sector sees mixed results,1 
Global economic recovery stalls,0 
Renewable energy stocks gain momentum,2 
Financial sector faces regulatory changes,0 
Industrial output exceeds expectations,2 
Retail sector struggles during pandemic,0 
Fintech startups disrupt traditional banking,2 
Travel industry bounces back,2 
Real estate prices skyrocket,2 
Semiconductor industry sees major growth,2 
China economy slows down,0 
Amazon profits soar,2 
Housing affordability becomes an issue,0 
Tesla market share expands,2 
Fed raises interest rates,0 
Stock market plunges unexpectedly,0 
Bitcoin crashes below $30k,0 
Oil prices remain steady,1 
Tech companies face regulation,0 
Real estate market stabilizes,1 
Inflation stays within expectations,1 
Economic recovery gains momentum,2 
Retail sector struggles amid pandemic,0 
Gold prices hit all-time high,2 
Stock market shows resilience,1 
Federal Reserve maintains low rates,1 
Corporate earnings beat estimates,2 
Consumer confidence rebounds slowly,1 
Cryptocurrency faces regulatory scrutiny,0 
Housing market faces inventory shortage,0 
Trade negotiations boost markets,2 
Earnings reports exceed expectations,2 
Bond yields show moderate growth,1 
Auto industry embraces electric vehicles,2 
Energy sector faces challenges ahead,0 
Unemployment rate drops dramatically,2 
Banks struggle with low interest rates,0 
Consumer spending shows steady growth,1 
Social media stocks experience volatility,1 
Health care industry sees mixed results,1 
Tech sector dominates market,2 
Global economic recovery shows signs of slowdown,0 
Renewable energy stocks see steady growth,2 
Financial sector adapts to digital age,2 
Industrial output shows moderate growth,1 
Retail sector adapts to online sales,2 
Fintech startups disrupt traditional finance,2 
Travel industry faces uncertainty amid pandemic,0 
Real estate market experiences rapid growth,2 
Semiconductor industry sees steady demand,1 
China economy shows moderate growth,1 
Amazon expands into new markets,2 
Housing market faces affordability crisis,0 
Tesla faces challenges with supply chain,0 
Tesla profits surged,2 
Interest rates are rising,0 
The market is volatile,0 
Apple stock soared today,2 
Inflation is on the rise,0 
Amazon revenue exceeded expectations,2 
The Dow Jones is down,0 
Oil prices have dropped,0 
Microsoft earnings beat estimates,2 
The economy is recovering,2 
Bitcoin hit a record high,2 
The Fed announced rate hike,0 
Facebook user growth slowed,0 
Gold prices are falling,0 
Visa net income increased,2 
The market is optimistic,2 
Tesla stock price tumbled,0 
Unemployment rates decreased,2 
The S&P 500 hit new highs,2 
Coca-Cola revenue declined,0 
Interest rates remain unchanged,1 
Twitter user base grew,2 
The NASDAQ is up,2 
The housing market is strong,2 
Amazon profits dropped slightly,1 
The market is uncertain,1 
Google revenue exceeded expectations,2 
Interest rates are stable,1 
The economy is slowing,0 
Starbucks sales rose sharply,2 
The market is bearish,0 
Oil prices have rebounded,2 
Intel earnings missed estimates,0 
The Fed announced stimulus,2 
Disney streaming service grew,2 
Interest rates are low,2 
The market is stagnant,1 
Apple revenue fell short,0 
The stock market is unpredictable,1 
Pfizer vaccine boosted sales,2 
Tesla production numbers disappointed,0 
The stock market rallied,2 
The Federal Reserve cut rates,2 
Amazon profit margins declined,0 
The economy is expanding,2 
Facebook user engagement increased,2 
Interest rates are rising,0 
Oil prices reached record highs,2 
The stock market is volatile,0 
Apple new product release exceeded expectations,2 
The unemployment rate rose,0 
Bitcoin prices plummeted,0 
The housing market is booming,2 
Amazon stock price soared,2 
The economy is slowing,0 
Tesla revenue grew,2 
The Federal Reserve kept rates steady,1 
The stock market is optimistic,2 
Microsoft earnings beat estimates,2 
Inflation is on the rise,0 
Google search revenue increased,2 
Interest rates remain unchanged,1 
The economy is in recession,0 
Netflix subscriber growth slowed,0 
The stock market is bearish,0 
Amazon sales exceeded projections,2 
Interest rates are low,2 
The economy is in recovery,2 
The stock market is neutral,1 
Pfizer new drug was approved,2 
The Dow Jones Industrial Average fell,0 
The housing market is slowing,0 
Google revenue missed estimates,0 
The Federal Reserve raised rates,0 
Apple earnings surpassed expectations,2 
The economy is uncertain,1 
Tesla production increased,2 
The stock market is stagnating,1 
Interest rates are steady,1 
Facebook ad revenue surged,2 
The stock market crashed,0 
Amazon revenue beat expectations,2 
Interest rates are unpredictable,1 
Apple stock price plummeted,0 
The economy is stable,1 
Tesla profits soared,2 
Inflation remains low,1 
The market is stagnant,1 
Microsoft stock rose sharply,2 
The economy is booming,2 
Bitcoin prices are volatile,1 
The Federal Reserve raised rates,0 
Facebook user base declined,0 
Gold prices surged,2 
Visa net income fell,0 
The market is optimistic,2 
Tesla deliveries missed estimates,0 
Unemployment rates remain high,0 
The S&P 500 fell,0 
Coca-Cola sales grew slowly,1 
Interest rates are low,2 
Twitter profits exceeded expectations,2 
The NASDAQ is down,0 
The housing market is slowing,0 
Amazon profits grew substantially,2 
The market is neutral,1 
Google stock price rose,2 
Interest rates remain unchanged,1 
The economy is slowing,0 
Starbucks sales missed projections,0 
The market is bearish,0 
Oil prices have dropped,0 
Intel revenue fell short,0 
The Federal Reserve announced stimulus,2 
Disney earnings exceeded expectations,2 
Interest rates are rising,0 
The stock market is unpredictable,1 
Apple new product launch was successful,2 
The economy is recovering slowly,1 
Pfizer vaccine trials showed promising results,2 